id,uni_id,university_th,university_en,university_shortname,university_type,province,website,logo,campuses,faculties,majors,raw_json
1,1001,จุฬาลงกรณ์มหาวิทยาลัย,Chulalongkorn University,CU,Public University,กรุงเทพมหานคร,https://www.university1.ac.th,https://github.com/Nah-Null/Gallery/blob/main/DailyLife/logo%20un/%E0%B8%88%E0%B8%B8%E0%B8%AC%E0%B8%B2.png?raw=true,"[{""campus_id"": 1, ""campus_name"": ""Campus 1""}]","[{""faculty_id"": 10, ""faculty_name"": ""วิศวกรรมศาสตร์""}, {""faculty_id"": 11, ""faculty_name"": ""วิทยาศาสตร์""}, {""faculty_id"": 12, ""faculty_name"": ""แพทยศาสตร์""}]","[{""major_id"": 100, ""major_name"": ""วิศวกรรมคอมพิวเตอร์""}, {""major_id"": 101, ""major_name"": ""ชีววิทยา""}, {""major_id"": 102, ""major_name"": ""เศรษฐศาสตร์""}]","{""uni_id"": ""1001"", ""university_th"": ""จุฬาลงกรณ์มหาวิทยาลัย"", ""university_en"": ""Chulalongkorn University"", ""university_shortname"": ""CU"", ""university_type"": ""Public University"", ""province"": ""กรุงเทพมหานคร"", ""website"": ""https://www.university1.ac.th"", ""logo"": ""https://github.com/Nah-Null/Gallery/blob/main/DailyLife/logo%20un/%E0%B8%88%E0%B8%B8%E0%B8%AC%E0%B8%B2.png?raw=true"", ""campuses"": [{""campus_id"": 1, ""campus_name"": ""Campus 1""}], ""faculties"": [{""faculty_id"": 10, ""faculty_name"": ""วิศวกรรมศาสตร์""}, {""faculty_id"": 11, ""faculty_name"": ""วิทยาศาสตร์""}, {""faculty_id"": 12, ""faculty_name"": ""แพทยศาสตร์""}], ""majors"": [{""major_id"": 100, ""major_name"": ""วิศวกรรมคอมพิวเตอร์""}, {""major_id"": 101, ""major_name"": ""ชีววิทยา""}, {""major_id"": 102, ""major_name"": ""เศรษฐศาสตร์""}]}"
2,1002,มหาวิทยาลัยเกษตรศาสตร์,Kasetsart University,KU,Public University,กรุงเทพมหานคร,https://www.university2.ac.th,https://github.com/Nah-Null/Gallery/blob/main/DailyLife/logo%20un/KU.png?raw=true,"[{""campus_id"": 2, ""campus_name"": ""Campus 2""}]","[{""faculty_id"": 20, ""faculty_name"": ""วิศวกรรมศาสตร์""}, {""faculty_id"": 21, ""faculty_name"": ""วิทยาศาสตร์""}, {""faculty_id"": 22, ""faculty_name"": ""แพทยศาสตร์""}]","[{""major_id"": 200, ""major_name"": ""วิศวกรรมคอมพิวเตอร์""}, {""major_id"": 201, ""major_name"": ""ชีววิทยา""}, {""major_id"": 202, ""major_name"": ""เศรษฐศาสตร์""}]","{""uni_id"": ""1002"", ""university_th"": ""มหาวิทยาลัยเกษตรศาสตร์"", ""university_en"": ""Kasetsart University"", ""university_shortname"": ""KU"", ""university_type"": ""Public University"", ""province"": ""กรุงเทพมหานคร"", ""website"": ""https://www.university2.ac.th"", ""logo"": ""https://github.com/Nah-Null/Gallery/blob/main/DailyLife/logo%20un/KU.png?raw=true"", ""campuses"": [{""campus_id"": 2, ""campus_name"": ""Campus 2""}], ""faculties"": [{""faculty_id"": 20, ""faculty_name"": ""วิศวกรรมศาสตร์""}, {""faculty_id"": 21, ""faculty_name"": ""วิทยาศาสตร์""}, {""faculty_id"": 22, ""faculty_name"": ""แพทยศาสตร์""}], ""majors"": [{""major_id"": 200, ""major_name"": ""วิศวกรรมคอมพิวเตอร์""}, {""major_id"": 201, ""major_name"": ""ชีววิทยา""}, {""major_id"": 202, ""major_name"": ""เศรษฐศาสตร์""}]}"
3,1003,มหาวิทยาลัยธรรมศาสตร์,Thammasat University,TU,Public University,ปทุมธานี,https://www.university3.ac.th,https://raw.githubusercontent.com/Nah-Null/Gallery/24be533860f04f6a2e663a8559b6b8485cca6b0b/DailyLife/logo%20un/TU.svg,"[{""campus_id"": 3, ""campus_name"": ""Campus 3""}]","[{""faculty_id"": 30, ""faculty_name"": ""วิศวกรรมศาสตร์""}, {""faculty_id"": 31, ""faculty_name"": ""วิทยาศาสตร์""}, {""faculty_id"": 32, ""faculty_name"": ""แพทยศาสตร์""}]","[{""major_id"": 300, ""major_name"": ""วิศวกรรมคอมพิวเตอร์""}, {""major_id"": 301, ""major_name"": ""ชีววิทยา""}, {""major_id"": 302, ""major_name"": ""เศรษฐศาสตร์""}]","{""uni_id"": ""1003"", ""university_th"": ""มหาวิทยาลัยธรรมศาสตร์"", ""university_en"": ""Thammasat University"", ""university_shortname"": ""TU"", ""university_type"": ""Public University"", ""province"": ""ปทุมธานี"", ""website"": ""https://www.university3.ac.th"", ""logo"": ""https://raw.githubusercontent.com/Nah-Null/Gallery/24be533860f04f6a2e663a8559b6b8485cca6b0b/DailyLife/logo%20un/TU.svg"", ""campuses"": [{""campus_id"": 3, ""campus_name"": ""Campus 3""}], ""faculties"": [{""faculty_id"": 30, ""faculty_name"": ""วิศวกรรมศาสตร์""}, {""faculty_id"": 31, ""faculty_name"": ""วิทยาศาสตร์""}, {""faculty_id"": 32, ""faculty_name"": ""แพทยศาสตร์""}], ""majors"": [{""major_id"": 300, ""major_name"": ""วิศวกรรมคอมพิวเตอร์""}, {""major_id"": 301, ""major_name"": ""ชีววิทยา""}, {""major_id"": 302, ""major_name"": ""เศรษฐศาสตร์""}]}"
4,1004,มหาวิทยาลัยมหิดล,Mahidol University,MU,Public University,นครปฐม,https://www.university4.ac.th,https://raw.githubusercontent.com/Nah-Null/Gallery/24be533860f04f6a2e663a8559b6b8485cca6b0b/DailyLife/logo%20un/MU.svg,"[{""campus_id"": 4, ""campus_name"": ""Campus 4""}]","[{""faculty_id"": 40, ""faculty_name"": ""วิศวกรรมศาสตร์""}, {""faculty_id"": 41, ""faculty_name"": ""วิทยาศาสตร์""}, {""faculty_id"": 42, ""faculty_name"": ""แพทยศาสตร์""}]","[{""major_id"": 400, ""major_name"": ""วิศวกรรมคอมพิวเตอร์""}, {""major_id"": 401, ""major_name"": ""ชีววิทยา""}, {""major_id"": 402, ""major_name"": ""เศรษฐศาสตร์""}]","{""uni_id"": ""1004"", ""university_th"": ""มหาวิทยาลัยมหิดล"", ""university_en"": ""Mahidol University"", ""university_shortname"": ""MU"", ""university_type"": ""Public University"", ""province"": ""นครปฐม"", ""website"": ""https://www.university4.ac.th"", ""logo"": ""https://raw.githubusercontent.com/Nah-Null/Gallery/24be533860f04f6a2e663a8559b6b8485cca6b0b/DailyLife/logo%20un/MU.svg"", ""campuses"": [{""campus_id"": 4, ""campus_name"": ""Campus 4""}], ""faculties"": [{""faculty_id"": 40, ""faculty_name"": ""วิศวกรรมศาสตร์""}, {""faculty_id"": 41, ""faculty_name"": ""วิทยาศาสตร์""}, {""faculty_id"": 42, ""faculty_name"": ""แพทยศาสตร์""}], ""majors"": [{""major_id"": 400, ""major_name"": ""วิศวกรรมคอมพิวเตอร์""}, {""major_id"": 401, ""major_name"": ""ชีววิทยา""}, {""major_id"": 402, ""major_name"": ""เศรษฐศาสตร์""}]}"
5,1005,มหาวิทยาลัยเชียงใหม่,Chiang Mai University,CMU,Public University,เชียงใหม่,https://www.university5.ac.th,https://example.com/logo/university5.png,"[{""campus_id"": 5, ""campus_name"": ""Campus 5""}]","[{""faculty_id"": 50, ""faculty_name"": ""วิศวกรรมศาสตร์""}, {""faculty_id"": 51, ""faculty_name"": ""วิทยาศาสตร์""}, {""faculty_id"": 52, ""faculty_name"": ""แพทยศาสตร์""}]","[{""major_id"": 500, ""major_name"": ""วิศวกรรมคอมพิวเตอร์""}, {""major_id"": 501, ""major_name"": ""ชีววิทยา""}, {""major_id"": 502, ""major_name"": ""เศรษฐศาสตร์""}]","{""uni_id"": ""1005"", ""university_th"": ""มหาวิทยาลัยเชียงใหม่"", ""university_en"": ""Chiang Mai University"", ""university_shortname"": ""CMU"", ""university_type"": ""Public University"", ""province"": ""เชียงใหม่"", ""website"": ""https://www.university5.ac.th"", ""logo"": ""https://example.com/logo/university5.png"", ""campuses"": [{""campus_id"": 5, ""campus_name"": ""Campus 5""}], ""faculties"": [{""faculty_id"": 50, ""faculty_name"": ""วิศวกรรมศาสตร์""}, {""faculty_id"": 51, ""faculty_name"": ""วิทยาศาสตร์""}, {""faculty_id"": 52, ""faculty_name"": ""แพทยศาสตร์""}], ""majors"": [{""major_id"": 500, ""major_name"": ""วิศวกรรมคอมพิวเตอร์""}, {""major_id"": 501, ""major_name"": ""ชีววิทยา""}, {""major_id"": 502, ""major_name"": ""เศรษฐศาสตร์""}]}"
6,1006,มหาวิทยาลัยขอนแก่น,Khon Kaen University,KKU,Public University,ขอนแก่น,https://www.university6.ac.th,https://example.com/logo/university6.png,"[{""campus_id"": 6, ""campus_name"": ""Campus 6""}]","[{""faculty_id"": 60, ""faculty_name"": ""วิศวกรรมศาสตร์""}, {""faculty_id"": 61, ""faculty_name"": ""วิทยาศาสตร์""}, {""faculty_id"": 62, ""faculty_name"": ""แพทยศาสตร์""}]","[{""major_id"": 600, ""major_name"": ""วิศวกรรมคอมพิวเตอร์""}, {""major_id"": 601, ""major_name"": ""ชีววิทยา""}, {""major_id"": 602, ""major_name"": ""เศรษฐศาสตร์""}]","{""uni_id"": ""1006"", ""university_th"": ""มหาวิทยาลัยขอนแก่น"", ""university_en"": ""Khon Kaen University"", ""university_shortname"": ""KKU"", ""university_type"": ""Public University"", ""province"": ""ขอนแก่น"", ""website"": ""https://www.university6.ac.th"", ""logo"": ""https://example.com/logo/university6.png"", ""campuses"": [{""campus_id"": 6, ""campus_name"": ""Campus 6""}], ""faculties"": [{""faculty_id"": 60, ""faculty_name"": ""วิศวกรรมศาสตร์""}, {""faculty_id"": 61, ""faculty_name"": ""วิทยาศาสตร์""}, {""faculty_id"": 62, ""faculty_name"": ""แพทยศาสตร์""}], ""majors"": [{""major_id"": 600, ""major_name"": ""วิศวกรรมคอมพิวเตอร์""}, {""major_id"": 601, ""major_name"": ""ชีววิทยา""}, {""major_id"": 602, ""major_name"": ""เศรษฐศาสตร์""}]}"
7,1007,มหาวิทยาลัยสงขลานครินทร์,Prince of Songkla University,PSU,Public University,สงขลา,https://www.university7.ac.th,https://example.com/logo/university7.png,"[{""campus_id"": 7, ""campus_name"": ""Campus 7""}]","[{""faculty_id"": 70, ""faculty_name"": ""วิศวกรรมศาสตร์""}, {""faculty_id"": 71, ""faculty_name"": ""วิทยาศาสตร์""}, {""faculty_id"": 72, ""faculty_name"": ""แพทยศาสตร์""}]","[{""major_id"": 700, ""major_name"": ""วิศวกรรมคอมพิวเตอร์""}, {""major_id"": 701, ""major_name"": ""ชีววิทยา""}, {""major_id"": 702, ""major_name"": ""เศรษฐศาสตร์""}]","{""uni_id"": ""1007"", ""university_th"": ""มหาวิทยาลัยสงขลานครินทร์"", ""university_en"": ""Prince of Songkla University"", ""university_shortname"": ""PSU"", ""university_type"": ""Public University"", ""province"": ""สงขลา"", ""website"": ""https://www.university7.ac.th"", ""logo"": ""https://example.com/logo/university7.png"", ""campuses"": [{""campus_id"": 7, ""campus_name"": ""Campus 7""}], ""faculties"": [{""faculty_id"": 70, ""faculty_name"": ""วิศวกรรมศาสตร์""}, {""faculty_id"": 71, ""faculty_name"": ""วิทยาศาสตร์""}, {""faculty_id"": 72, ""faculty_name"": ""แพทยศาสตร์""}], ""majors"": [{""major_id"": 700, ""major_name"": ""วิศวกรรมคอมพิวเตอร์""}, {""major_id"": 701, ""major_name"": ""ชีววิทยา""}, {""major_id"": 702, ""major_name"": ""เศรษฐศาสตร์""}]}"
8,1008,มหาวิทยาลัยเทคโนโลยีพระจอมเกล้าธนบุรี,King Mongkut's University of Technology Thonburi,KMUTT,Government Technology/Institute,กรุงเทพมหานคร,https://www.university8.ac.th,https://raw.githubusercontent.com/Nah-Null/Gallery/24be533860f04f6a2e663a8559b6b8485cca6b0b/DailyLife/logo%20un/KMUTT.svg,"[{""campus_id"": 8, ""campus_name"": ""Campus 8""}]","[{""faculty_id"": 80, ""faculty_name"": ""วิศวกรรมศาสตร์""}, {""faculty_id"": 81, ""faculty_name"": ""วิทยาศาสตร์""}, {""faculty_id"": 82, ""faculty_name"": ""แพทยศาสตร์""}]","[{""major_id"": 800, ""major_name"": ""วิศวกรรมคอมพิวเตอร์""}, {""major_id"": 801, ""major_name"": ""ชีววิทยา""}, {""major_id"": 802, ""major_name"": ""เศรษฐศาสตร์""}]","{""uni_id"": ""1008"", ""university_th"": ""มหาวิทยาลัยเทคโนโลยีพระจอมเกล้าธนบุรี"", ""university_en"": ""King Mongkut's University of Technology Thonburi"", ""university_shortname"": ""KMUTT"", ""university_type"": ""Government Technology/Institute"", ""province"": ""กรุงเทพมหานคร"", ""website"": ""https://www.university8.ac.th"", ""logo"": ""https://raw.githubusercontent.com/Nah-Null/Gallery/24be533860f04f6a2e663a8559b6b8485cca6b0b/DailyLife/logo%20un/KMUTT.svg"", ""campuses"": [{""campus_id"": 8, ""campus_name"": ""Campus 8""}], ""faculties"": [{""faculty_id"": 80, ""faculty_name"": ""วิศวกรรมศาสตร์""}, {""faculty_id"": 81, ""faculty_name"": ""วิทยาศาสตร์""}, {""faculty_id"": 82, ""faculty_name"": ""แพทยศาสตร์""}], ""majors"": [{""major_id"": 800, ""major_name"": ""วิศวกรรมคอมพิวเตอร์""}, {""major_id"": 801, ""major_name"": ""ชีววิทยา""}, {""major_id"": 802, ""major_name"": ""เศรษฐศาสตร์""}]}"
9,1009,มหาวิทยาลัยเทคโนโลยีพระจอมเกล้าลาดกระบัง,King Mongkut's Institute of Technology Ladkrabang,KMITL,Government Technology/Institute,กรุงเทพมหานคร,https://www.university9.ac.th,https://raw.githubusercontent.com/Nah-Null/Gallery/24be533860f04f6a2e663a8559b6b68485cca6b0b/DailyLife/logo%20un/KMITL.svg,"[{""campus_id"": 9, ""campus_name"": ""Campus 9""}]","[{""faculty_id"": 90, ""faculty_name"": ""วิศวกรรมศาสตร์""}, {""faculty_id"": 91, ""faculty_name"": ""วิทยาศาสตร์""}, {""faculty_id"": 92, ""faculty_name"": ""แพทยศาสตร์""}]","[{""major_id"": 900, ""major_name"": ""วิศวกรรมคอมพิวเตอร์""}, {""major_id"": 901, ""major_name"": ""ชีววิทยา""}, {""major_id"": 902, ""major_name"": ""เศรษฐศาสตร์""}]","{""uni_id"": ""1009"", ""university_th"": ""มหาวิทยาลัยเทคโนโลยีพระจอมเกล้าลาดกระบัง"", ""university_en"": ""King Mongkut's Institute of Technology Ladkrabang"", ""university_shortname"": ""KMITL"", ""university_type"": ""Government Technology/Institute"", ""province"": ""กรุงเทพมหานคร"", ""website"": ""https://www.university9.ac.th"", ""logo"": ""https://raw.githubusercontent.com/Nah-Null/Gallery/24be533860f04f6a2e663a8559b6b68485cca6b0b/DailyLife/logo%20un/KMITL.svg"", ""campuses"": [{""campus_id"": 9, ""campus_name"": ""Campus 9""}], ""faculties"": [{""faculty_id"": 90, ""faculty_name"": ""วิศวกรรมศาสตร์""}, {""faculty_id"": 91, ""faculty_name"": ""วิทยาศาสตร์""}, {""faculty_id"": 92, ""faculty_name"": ""แพทยศาสตร์""}], ""majors"": [{""major_id"": 900, ""major_name"": ""วิศวกรรมคอมพิวเตอร์""}, {""major_id"": 901, ""major_name"": ""ชีววิทยา""}, {""major_id"": 902, ""major_name"": ""เศรษฐศาสตร์""}]}"
10,1010,มหาวิทยาลัยเทคโนโลยีพระจอมเกล้าพระนครเหนือ,King Mongkut's University of Technology North Bangkok,KMUTNB,Government Technology/Institute,กรุงเทพมหานคร,https://www.university10.ac.th,https://raw.githubusercontent.com/Nah-Null/Gallery/24be533860f04f6a2e663a8559b6b8485cca6b0b/DailyLife/logo%20un/KMUTNB.svg,"[{""campus_id"": 10, ""campus_name"": ""Campus 10""}]","[{""faculty_id"": 100, ""faculty_name"": ""วิศวกรรมศาสตร์""}, {""faculty_id"": 101, ""faculty_name"": ""วิทยาศาสตร์""}, {""faculty_id"": 102, ""faculty_name"": ""แพทยศาสตร์""}]","[{""major_id"": 1000, ""major_name"": ""วิศวกรรมคอมพิวเตอร์""}, {""major_id"": 1001, ""major_name"": ""ชีววิทยา""}, {""major_id"": 1002, ""major_name"": ""เศรษฐศาสตร์""}]","{""uni_id"": ""1010"", ""university_th"": ""มหาวิทยาลัยเทคโนโลยีพระจอมเกล้าพระนครเหนือ"", ""university_en"": ""King Mongkut's University of Technology North Bangkok"", ""university_shortname"": ""KMUTNB"", ""university_type"": ""Government Technology/Institute"", ""province"": ""กรุงเทพมหานคร"", ""website"": ""https://www.university10.ac.th"", ""logo"": ""https://raw.githubusercontent.com/Nah-Null/Gallery/24be533860f04f6a2e663a8559b6b8485cca6b0b/DailyLife/logo%20un/KMUTNB.svg"", ""campuses"": [{""campus_id"": 10, ""campus_name"": ""Campus 10""}], ""faculties"": [{""faculty_id"": 100, ""faculty_name"": ""วิศวกรรมศาสตร์""}, {""faculty_id"": 101, ""faculty_name"": ""วิทยาศาสตร์""}, {""faculty_id"": 102, ""faculty_name"": ""แพทยศาสตร์""}], ""majors"": [{""major_id"": 1000, ""major_name"": ""วิศวกรรมคอมพิวเตอร์""}, {""major_id"": 1001, ""major_name"": ""ชีววิทยา""}, {""major_id"": 1002, ""major_name"": ""เศรษฐศาสตร์""}]}"
11,1011,มหาวิทยาลัยบูรพา,Burapha University,BUU,Public University,ชลบุรี,https://www.university11.ac.th,https://raw.githubusercontent.com/Nah-Null/Gallery/24be533860f04f6a2e663a8559b6b8485cca6b0b/DailyLife/logo%20un/BUU.svg,"[{""campus_id"": 11, ""campus_name"": ""Campus 11""}]","[{""faculty_id"": 110, ""faculty_name"": ""วิศวกรรมศาสตร์""}, {""faculty_id"": 111, ""faculty_name"": ""วิทยาศาสตร์""}, {""faculty_id"": 112, ""faculty_name"": ""แพทยศาสตร์""}]","[{""major_id"": 1100, ""major_name"": ""วิศวกรรมคอมพิวเตอร์""}, {""major_id"": 1101, ""major_name"": ""ชีววิทยา""}, {""major_id"": 1102, ""major_name"": ""เศรษฐศาสตร์""}]","{""uni_id"": ""1011"", ""university_th"": ""มหาวิทยาลัยบูรพา"", ""university_en"": ""Burapha University"", ""university_shortname"": ""BUU"", ""university_type"": ""Public University"", ""province"": ""ชลบุรี"", ""website"": ""https://www.university11.ac.th"", ""logo"": ""https://raw.githubusercontent.com/Nah-Null/Gallery/24be533860f04f6a2e663a8559b6b8485cca6b0b/DailyLife/logo%20un/BUU.svg"", ""campuses"": [{""campus_id"": 11, ""campus_name"": ""Campus 11""}], ""faculties"": [{""faculty_id"": 110, ""faculty_name"": ""วิศวกรรมศาสตร์""}, {""faculty_id"": 111, ""faculty_name"": ""วิทยาศาสตร์""}, {""faculty_id"": 112, ""faculty_name"": ""แพทยศาสตร์""}], ""majors"": [{""major_id"": 1100, ""major_name"": ""วิศวกรรมคอมพิวเตอร์""}, {""major_id"": 1101, ""major_name"": ""ชีววิทยา""}, {""major_id"": 1102, ""major_name"": ""เศรษฐศาสตร์""}]}"
12,1012,มหาวิทยาลัยศรีนครินทรวิโรฒ,Srinakharinwirot University,SWU,Public University,กรุงเทพมหานคร,https://www.university12.ac.th,https://github.com/Nah-Null/Gallery/blob/main/DailyLife/logo%20un/Logo_of_Srinakharinwirot_University.svg.png?raw=true,"[{""campus_id"": 12, ""campus_name"": ""Campus 12""}]","[{""faculty_id"": 120, ""faculty_name"": ""วิศวกรรมศาสตร์""}, {""faculty_id"": 121, ""faculty_name"": ""วิทยาศาสตร์""}, {""faculty_id"": 122, ""faculty_name"": ""แพทยศาสตร์""}]","[{""major_id"": 1200, ""major_name"": ""วิศวกรรมคอมพิวเตอร์""}, {""major_id"": 1201, ""major_name"": ""ชีววิทยา""}, {""major_id"": 1202, ""major_name"": ""เศรษฐศาสตร์""}]","{""uni_id"": ""1012"", ""university_th"": ""มหาวิทยาลัยศรีนครินทรวิโรฒ"", ""university_en"": ""Srinakharinwirot University"", ""university_shortname"": ""SWU"", ""university_type"": ""Public University"", ""province"": ""กรุงเทพมหานคร"", ""website"": ""https://www.university12.ac.th"", ""logo"": ""https://github.com/Nah-Null/Gallery/blob/main/DailyLife/logo%20un/Logo_of_Srinakharinwirot_University.svg.png?raw=true"", ""campuses"": [{""campus_id"": 12, ""campus_name"": ""Campus 12""}], ""faculties"": [{""faculty_id"": 120, ""faculty_name"": ""วิศวกรรมศาสตร์""}, {""faculty_id"": 121, ""faculty_name"": ""วิทยาศาสตร์""}, {""faculty_id"": 122, ""faculty_name"": ""แพทยศาสตร์""}], ""majors"": [{""major_id"": 1200, ""major_name"": ""วิศวกรรมคอมพิวเตอร์""}, {""major_id"": 1201, ""major_name"": ""ชีววิทยา""}, {""major_id"": 1202, ""major_name"": ""เศรษฐศาสตร์""}]}"
13,1013,มหาวิทยาลัยแม่ฟ้าหลวง,Mae Fah Luang University,MFU,Public University,เชียงราย,https://www.university13.ac.th,https://example.com/logo/university13.png,"[{""campus_id"": 13, ""campus_name"": ""Campus 13""}]","[{""faculty_id"": 130, ""faculty_name"": ""วิศวกรรมศาสตร์""}, {""faculty_id"": 131, ""faculty_name"": ""วิทยาศาสตร์""}, {""faculty_id"": 132, ""faculty_name"": ""แพทยศาสตร์""}]","[{""major_id"": 1300, ""major_name"": ""วิศวกรรมคอมพิวเตอร์""}, {""major_id"": 1301, ""major_name"": ""ชีววิทยา""}, {""major_id"": 1302, ""major_name"": ""เศรษฐศาสตร์""}]","{""uni_id"": ""1013"", ""university_th"": ""มหาวิทยาลัยแม่ฟ้าหลวง"", ""university_en"": ""Mae Fah Luang University"", ""university_shortname"": ""MFU"", ""university_type"": ""Public University"", ""province"": ""เชียงราย"", ""website"": ""https://www.university13.ac.th"", ""logo"": ""https://example.com/logo/university13.png"", ""campuses"": [{""campus_id"": 13, ""campus_name"": ""Campus 13""}], ""faculties"": [{""faculty_id"": 130, ""faculty_name"": ""วิศวกรรมศาสตร์""}, {""faculty_id"": 131, ""faculty_name"": ""วิทยาศาสตร์""}, {""faculty_id"": 132, ""faculty_name"": ""แพทยศาสตร์""}], ""majors"": [{""major_id"": 1300, ""major_name"": ""วิศวกรรมคอมพิวเตอร์""}, {""major_id"": 1301, ""major_name"": ""ชีววิทยา""}, {""major_id"": 1302, ""major_name"": ""เศรษฐศาสตร์""}]}"
14,1014,มหาวิทยาลัยนเรศวร,Naresuan University,NU,Public University,พิษณุโลก,https://www.university14.ac.th,https://example.com/logo/university14.png,"[{""campus_id"": 14, ""campus_name"": ""Campus 14""}]","[{""faculty_id"": 140, ""faculty_name"": ""วิศวกรรมศาสตร์""}, {""faculty_id"": 141, ""faculty_name"": ""วิทยาศาสตร์""}, {""faculty_id"": 142, ""faculty_name"": ""แพทยศาสตร์""}]","[{""major_id"": 1400, ""major_name"": ""วิศวกรรมคอมพิวเตอร์""}, {""major_id"": 1401, ""major_name"": ""ชีววิทยา""}, {""major_id"": 1402, ""major_name"": ""เศรษฐศาสตร์""}]","{""uni_id"": ""1014"", ""university_th"": ""มหาวิทยาลัยนเรศวร"", ""university_en"": ""Naresuan University"", ""university_shortname"": ""NU"", ""university_type"": ""Public University"", ""province"": ""พิษณุโลก"", ""website"": ""https://www.university14.ac.th"", ""logo"": ""https://example.com/logo/university14.png"", ""campuses"": [{""campus_id"": 14, ""campus_name"": ""Campus 14""}], ""faculties"": [{""faculty_id"": 140, ""faculty_name"": ""วิศวกรรมศาสตร์""}, {""faculty_id"": 141, ""faculty_name"": ""วิทยาศาสตร์""}, {""faculty_id"": 142, ""faculty_name"": ""แพทยศาสตร์""}], ""majors"": [{""major_id"": 1400, ""major_name"": ""วิศวกรรมคอมพิวเตอร์""}, {""major_id"": 1401, ""major_name"": ""ชีววิทยา""}, {""major_id"": 1402, ""major_name"": ""เศรษฐศาสตร์""}]}"
15,1015,มหาวิทยาลัยราชภัฏเชียงราย,Chiang Rai Rajabhat University,CRRU,Rajabhat University,เชียงราย,https://www.university15.ac.th,https://example.com/logo/university15.png,"[{""campus_id"": 15, ""campus_name"": ""Campus 15""}]","[{""faculty_id"": 150, ""faculty_name"": ""วิศวกรรมศาสตร์""}, {""faculty_id"": 151, ""faculty_name"": ""วิทยาศาสตร์""}, {""faculty_id"": 152, ""faculty_name"": ""แพทยศาสตร์""}]","[{""major_id"": 1500, ""major_name"": ""วิศวกรรมคอมพิวเตอร์""}, {""major_id"": 1501, ""major_name"": ""ชีววิทยา""}, {""major_id"": 1502, ""major_name"": ""เศรษฐศาสตร์""}]","{""uni_id"": ""1015"", ""university_th"": ""มหาวิทยาลัยราชภัฏเชียงราย"", ""university_en"": ""Chiang Rai Rajabhat University"", ""university_shortname"": ""CRRU"", ""university_type"": ""Rajabhat University"", ""province"": ""เชียงราย"", ""website"": ""https://www.university15.ac.th"", ""logo"": ""https://example.com/logo/university15.png"", ""campuses"": [{""campus_id"": 15, ""campus_name"": ""Campus 15""}], ""faculties"": [{""faculty_id"": 150, ""faculty_name"": ""วิศวกรรมศาสตร์""}, {""faculty_id"": 151, ""faculty_name"": ""วิทยาศาสตร์""}, {""faculty_id"": 152, ""faculty_name"": ""แพทยศาสตร์""}], ""majors"": [{""major_id"": 1500, ""major_name"": ""วิศวกรรมคอมพิวเตอร์""}, {""major_id"": 1501, ""major_name"": ""ชีววิทยา""}, {""major_id"": 1502, ""major_name"": ""เศรษฐศาสตร์""}]}"
16,1016,มหาวิทยาลัยอุบลราชธานี,Ubon Ratchathani University,UBU,Public University,อุบลราชธานี,https://www.university16.ac.th,https://example.com/logo/university16.png,"[{""campus_id"": 16, ""campus_name"": ""Campus 16""}]","[{""faculty_id"": 160, ""faculty_name"": ""วิศวกรรมศาสตร์""}, {""faculty_id"": 161, ""faculty_name"": ""วิทยาศาสตร์""}, {""faculty_id"": 162, ""faculty_name"": ""แพทยศาสตร์""}]","[{""major_id"": 1600, ""major_name"": ""วิศวกรรมคอมพิวเตอร์""}, {""major_id"": 1601, ""major_name"": ""ชีววิทยา""}, {""major_id"": 1602, ""major_name"": ""เศรษฐศาสตร์""}]","{""uni_id"": ""1016"", ""university_th"": ""มหาวิทยาลัยอุบลราชธานี"", ""university_en"": ""Ubon Ratchathani University"", ""university_shortname"": ""UBU"", ""university_type"": ""Public University"", ""province"": ""อุบลราชธานี"", ""website"": ""https://www.university16.ac.th"", ""logo"": ""https://example.com/logo/university16.png"", ""campuses"": [{""campus_id"": 16, ""campus_name"": ""Campus 16""}], ""faculties"": [{""faculty_id"": 160, ""faculty_name"": ""วิศวกรรมศาสตร์""}, {""faculty_id"": 161, ""faculty_name"": ""วิทยาศาสตร์""}, {""faculty_id"": 162, ""faculty_name"": ""แพทยศาสตร์""}], ""majors"": [{""major_id"": 1600, ""major_name"": ""วิศวกรรมคอมพิวเตอร์""}, {""major_id"": 1601, ""major_name"": ""ชีววิทยา""}, {""major_id"": 1602, ""major_name"": ""เศรษฐศาสตร์""}]}"
17,1017,มหาวิทยาลัยมหาสารคาม,Mahasarakham University,MSU,Public University,มหาสารคาม,https://www.university17.ac.th,https://example.com/logo/university17.png,"[{""campus_id"": 17, ""campus_name"": ""Campus 17""}]","[{""faculty_id"": 170, ""faculty_name"": ""วิศวกรรมศาสตร์""}, {""faculty_id"": 171, ""faculty_name"": ""วิทยาศาสตร์""}, {""faculty_id"": 172, ""faculty_name"": ""แพทยศาสตร์""}]","[{""major_id"": 1700, ""major_name"": ""วิศวกรรมคอมพิวเตอร์""}, {""major_id"": 1701, ""major_name"": ""ชีววิทยา""}, {""major_id"": 1702, ""major_name"": ""เศรษฐศาสตร์""}]","{""uni_id"": ""1017"", ""university_th"": ""มหาวิทยาลัยมหาสารคาม"", ""university_en"": ""Mahasarakham University"", ""university_shortname"": ""MSU"", ""university_type"": ""Public University"", ""province"": ""มหาสารคาม"", ""website"": ""https://www.university17.ac.th"", ""logo"": ""https://example.com/logo/university17.png"", ""campuses"": [{""campus_id"": 17, ""campus_name"": ""Campus 17""}], ""faculties"": [{""faculty_id"": 170, ""faculty_name"": ""วิศวกรรมศาสตร์""}, {""faculty_id"": 171, ""faculty_name"": ""วิทยาศาสตร์""}, {""faculty_id"": 172, ""faculty_name"": ""แพทยศาสตร์""}], ""majors"": [{""major_id"": 1700, ""major_name"": ""วิศวกรรมคอมพิวเตอร์""}, {""major_id"": 1701, ""major_name"": ""ชีววิทยา""}, {""major_id"": 1702, ""major_name"": ""เศรษฐศาสตร์""}]}"
18,1018,มหาวิทยาลัยศิลปากร,Silpakorn University,SU,Public University,นครปฐม,https://www.university18.ac.th,https://example.com/logo/university18.png,"[{""campus_id"": 18, ""campus_name"": ""Campus 18""}]","[{""faculty_id"": 180, ""faculty_name"": ""วิศวกรรมศาสตร์""}, {""faculty_id"": 181, ""faculty_name"": ""วิทยาศาสตร์""}, {""faculty_id"": 182, ""faculty_name"": ""แพทยศาสตร์""}]","[{""major_id"": 1800, ""major_name"": ""วิศวกรรมคอมพิวเตอร์""}, {""major_id"": 1801, ""major_name"": ""ชีววิทยา""}, {""major_id"": 1802, ""major_name"": ""เศรษฐศาสตร์""}]","{""uni_id"": ""1018"", ""university_th"": ""มหาวิทยาลัยศิลปากร"", ""university_en"": ""Silpakorn University"", ""university_shortname"": ""SU"", ""university_type"": ""Public University"", ""province"": ""นครปฐม"", ""website"": ""https://www.university18.ac.th"", ""logo"": ""https://example.com/logo/university18.png"", ""campuses"": [{""campus_id"": 18, ""campus_name"": ""Campus 18""}], ""faculties"": [{""faculty_id"": 180, ""faculty_name"": ""วิศวกรรมศาสตร์""}, {""faculty_id"": 181, ""faculty_name"": ""วิทยาศาสตร์""}, {""faculty_id"": 182, ""faculty_name"": ""แพทยศาสตร์""}], ""majors"": [{""major_id"": 1800, ""major_name"": ""วิศวกรรมคอมพิวเตอร์""}, {""major_id"": 1801, ""major_name"": ""ชีววิทยา""}, {""major_id"": 1802, ""major_name"": ""เศรษฐศาสตร์""}]}"
19,1019,มหาวิทยาลัยราชภัฏพระนคร,Phranakhon Rajabhat University,PRU,Rajabhat University,กรุงเทพมหานคร,https://www.university19.ac.th,https://example.com/logo/university19.png,"[{""campus_id"": 19, ""campus_name"": ""Campus 19""}]","[{""faculty_id"": 190, ""faculty_name"": ""วิศวกรรมศาสตร์""}, {""faculty_id"": 191, ""faculty_name"": ""วิทยาศาสตร์""}, {""faculty_id"": 192, ""faculty_name"": ""แพทยศาสตร์""}]","[{""major_id"": 1900, ""major_name"": ""วิศวกรรมคอมพิวเตอร์""}, {""major_id"": 1901, ""major_name"": ""ชีววิทยา""}, {""major_id"": 1902, ""major_name"": ""เศรษฐศาสตร์""}]","{""uni_id"": ""1019"", ""university_th"": ""มหาวิทยาลัยราชภัฏพระนคร"", ""university_en"": ""Phranakhon Rajabhat University"", ""university_shortname"": ""PRU"", ""university_type"": ""Rajabhat University"", ""province"": ""กรุงเทพมหานคร"", ""website"": ""https://www.university19.ac.th"", ""logo"": ""https://example.com/logo/university19.png"", ""campuses"": [{""campus_id"": 19, ""campus_name"": ""Campus 19""}], ""faculties"": [{""faculty_id"": 190, ""faculty_name"": ""วิศวกรรมศาสตร์""}, {""faculty_id"": 191, ""faculty_name"": ""วิทยาศาสตร์""}, {""faculty_id"": 192, ""faculty_name"": ""แพทยศาสตร์""}], ""majors"": [{""major_id"": 1900, ""major_name"": ""วิศวกรรมคอมพิวเตอร์""}, {""major_id"": 1901, ""major_name"": ""ชีววิทยา""}, {""major_id"": 1902, ""major_name"": ""เศรษฐศาสตร์""}]}"
20,1020,มหาวิทยาลัยรามคำแหง,Ramkhamhaeng University,RU,Public University,กรุงเทพมหานคร,https://www.university20.ac.th,https://example.com/logo/university20.png,"[{""campus_id"": 20, ""campus_name"": ""Campus 20""}]","[{""faculty_id"": 200, ""faculty_name"": ""วิศวกรรมศาสตร์""}, {""faculty_id"": 201, ""faculty_name"": ""วิทยาศาสตร์""}, {""faculty_id"": 202, ""faculty_name"": ""แพทยศาสตร์""}]","[{""major_id"": 2000, ""major_name"": ""วิศวกรรมคอมพิวเตอร์""}, {""major_id"": 2001, ""major_name"": ""ชีววิทยา""}, {""major_id"": 2002, ""major_name"": ""เศรษฐศาสตร์""}]","{""uni_id"": ""1020"", ""university_th"": ""มหาวิทยาลัยรามคำแหง"", ""university_en"": ""Ramkhamhaeng University"", ""university_shortname"": ""RU"", ""university_type"": ""Public University"", ""province"": ""กรุงเทพมหานคร"", ""website"": ""https://www.university20.ac.th"", ""logo"": ""https://example.com/logo/university20.png"", ""campuses"": [{""campus_id"": 20, ""campus_name"": ""Campus 20""}], ""faculties"": [{""faculty_id"": 200, ""faculty_name"": ""วิศวกรรมศาสตร์""}, {""faculty_id"": 201, ""faculty_name"": ""วิทยาศาสตร์""}, {""faculty_id"": 202, ""faculty_name"": ""แพทยศาสตร์""}], ""majors"": [{""major_id"": 2000, ""major_name"": ""วิศวกรรมคอมพิวเตอร์""}, {""major_id"": 2001, ""major_name"": ""ชีววิทยา""}, {""major_id"": 2002, ""major_name"": ""เศรษฐศาสตร์""}]}"
21,1021,มหาวิทยาลัยวลัยลักษณ์,Valaya Alongkorn Rajabhat University,VRU,Rajabhat University,ปทุมธานี,https://www.university21.ac.th,https://example.com/logo/university21.png,"[{""campus_id"": 21, ""campus_name"": ""Campus 21""}]","[{""faculty_id"": 210, ""faculty_name"": ""วิศวกรรมศาสตร์""}, {""faculty_id"": 211, ""faculty_name"": ""วิทยาศาสตร์""}, {""faculty_id"": 212, ""faculty_name"": ""แพทยศาสตร์""}]","[{""major_id"": 2100, ""major_name"": ""วิศวกรรมคอมพิวเตอร์""}, {""major_id"": 2101, ""major_name"": ""ชีววิทยา""}, {""major_id"": 2102, ""major_name"": ""เศรษฐศาสตร์""}]","{""uni_id"": ""1021"", ""university_th"": ""มหาวิทยาลัยวลัยลักษณ์"", ""university_en"": ""Valaya Alongkorn Rajabhat University"", ""university_shortname"": ""VRU"", ""university_type"": ""Rajabhat University"", ""province"": ""ปทุมธานี"", ""website"": ""https://www.university21.ac.th"", ""logo"": ""https://example.com/logo/university21.png"", ""campuses"": [{""campus_id"": 21, ""campus_name"": ""Campus 21""}], ""faculties"": [{""faculty_id"": 210, ""faculty_name"": ""วิศวกรรมศาสตร์""}, {""faculty_id"": 211, ""faculty_name"": ""วิทยาศาสตร์""}, {""faculty_id"": 212, ""faculty_name"": ""แพทยศาสตร์""}], ""majors"": [{""major_id"": 2100, ""major_name"": ""วิศวกรรมคอมพิวเตอร์""}, {""major_id"": 2101, ""major_name"": ""ชีววิทยา""}, {""major_id"": 2102, ""major_name"": ""เศรษฐศาสตร์""}]}"
22,1022,มหาวิทยาลัยเกษม บัณฑิต,Kasem Bundit University,KBU,Private University,กรุงเทพมหานคร,https://www.university22.ac.th,https://example.com/logo/university22.png,"[{""campus_id"": 22, ""campus_name"": ""Campus 22""}]","[{""faculty_id"": 220, ""faculty_name"": ""วิศวกรรมศาสตร์""}, {""faculty_id"": 221, ""faculty_name"": ""วิทยาศาสตร์""}, {""faculty_id"": 222, ""faculty_name"": ""แพทยศาสตร์""}]","[{""major_id"": 2200, ""major_name"": ""วิศวกรรมคอมพิวเตอร์""}, {""major_id"": 2201, ""major_name"": ""ชีววิทยา""}, {""major_id"": 2202, ""major_name"": ""เศรษฐศาสตร์""}]","{""uni_id"": ""1022"", ""university_th"": ""มหาวิทยาลัยเกษม บัณฑิต"", ""university_en"": ""Kasem Bundit University"", ""university_shortname"": ""KBU"", ""university_type"": ""Private University"", ""province"": ""กรุงเทพมหานคร"", ""website"": ""https://www.university22.ac.th"", ""logo"": ""https://example.com/logo/university22.png"", ""campuses"": [{""campus_id"": 22, ""campus_name"": ""Campus 22""}], ""faculties"": [{""faculty_id"": 220, ""faculty_name"": ""วิศวกรรมศาสตร์""}, {""faculty_id"": 221, ""faculty_name"": ""วิทยาศาสตร์""}, {""faculty_id"": 222, ""faculty_name"": ""แพทยศาสตร์""}], ""majors"": [{""major_id"": 2200, ""major_name"": ""วิศวกรรมคอมพิวเตอร์""}, {""major_id"": 2201, ""major_name"": ""ชีววิทยา""}, {""major_id"": 2202, ""major_name"": ""เศรษฐศาสตร์""}]}"
23,1023,มหาวิทยาลัยกรุงเทพ,Bangkok University,BU,Private University,กรุงเทพมหานคร,https://www.university23.ac.th,https://raw.githubusercontent.com/Nah-Null/Gallery/24be533860f04f6a2e663a8559b6b8485cca6b0b/DailyLife/logo%20un/BU.svg,"[{""campus_id"": 23, ""campus_name"": ""Campus 23""}]","[{""faculty_id"": 230, ""faculty_name"": ""วิศวกรรมศาสตร์""}, {""faculty_id"": 231, ""faculty_name"": ""วิทยาศาสตร์""}, {""faculty_id"": 232, ""faculty_name"": ""แพทยศาสตร์""}]","[{""major_id"": 2300, ""major_name"": ""วิศวกรรมคอมพิวเตอร์""}, {""major_id"": 2301, ""major_name"": ""ชีววิทยา""}, {""major_id"": 2302, ""major_name"": ""เศรษฐศาสตร์""}]","{""uni_id"": ""1023"", ""university_th"": ""มหาวิทยาลัยกรุงเทพ"", ""university_en"": ""Bangkok University"", ""university_shortname"": ""BU"", ""university_type"": ""Private University"", ""province"": ""กรุงเทพมหานคร"", ""website"": ""https://www.university23.ac.th"", ""logo"": ""https://raw.githubusercontent.com/Nah-Null/Gallery/24be533860f04f6a2e663a8559b6b8485cca6b0b/DailyLife/logo%20un/BU.svg"", ""campuses"": [{""campus_id"": 23, ""campus_name"": ""Campus 23""}], ""faculties"": [{""faculty_id"": 230, ""faculty_name"": ""วิศวกรรมศาสตร์""}, {""faculty_id"": 231, ""faculty_name"": ""วิทยาศาสตร์""}, {""faculty_id"": 232, ""faculty_name"": ""แพทยศาสตร์""}], ""majors"": [{""major_id"": 2300, ""major_name"": ""วิศวกรรมคอมพิวเตอร์""}, {""major_id"": 2301, ""major_name"": ""ชีววิทยา""}, {""major_id"": 2302, ""major_name"": ""เศรษฐศาสตร์""}]}"
24,1024,มหาวิทยาลัยอัสสัมชัญ,Assumption University,ABAC,Private University,สมุทรปราการ,https://www.university24.ac.th,https://example.com/logo/university24.png,"[{""campus_id"": 24, ""campus_name"": ""Campus 24""}]","[{""faculty_id"": 240, ""faculty_name"": ""วิศวกรรมศาสตร์""}, {""faculty_id"": 241, ""faculty_name"": ""วิทยาศาสตร์""}, {""faculty_id"": 242, ""faculty_name"": ""แพทยศาสตร์""}]","[{""major_id"": 2400, ""major_name"": ""วิศวกรรมคอมพิวเตอร์""}, {""major_id"": 2401, ""major_name"": ""ชีววิทยา""}, {""major_id"": 2402, ""major_name"": ""เศรษฐศาสตร์""}]","{""uni_id"": ""1024"", ""university_th"": ""มหาวิทยาลัยอัสสัมชัญ"", ""university_en"": ""Assumption University"", ""university_shortname"": ""ABAC"", ""university_type"": ""Private University"", ""province"": ""สมุทรปราการ"", ""website"": ""https://www.university24.ac.th"", ""logo"": ""https://example.com/logo/university24.png"", ""campuses"": [{""campus_id"": 24, ""campus_name"": ""Campus 24""}], ""faculties"": [{""faculty_id"": 240, ""faculty_name"": ""วิศวกรรมศาสตร์""}, {""faculty_id"": 241, ""faculty_name"": ""วิทยาศาสตร์""}, {""faculty_id"": 242, ""faculty_name"": ""แพทยศาสตร์""}], ""majors"": [{""major_id"": 2400, ""major_name"": ""วิศวกรรมคอมพิวเตอร์""}, {""major_id"": 2401, ""major_name"": ""ชีววิทยา""}, {""major_id"": 2402, ""major_name"": ""เศรษฐศาสตร์""}]}"
25,1025,มหาวิทยาลัยศรีปทุม,Sripatum University,SPU,Private University,กรุงเทพมหานคร,https://www.university25.ac.th,https://example.com/logo/university25.png,"[{""campus_id"": 25, ""campus_name"": ""Campus 25""}]","[{""faculty_id"": 250, ""faculty_name"": ""วิศวกรรมศาสตร์""}, {""faculty_id"": 251, ""faculty_name"": ""วิทยาศาสตร์""}, {""faculty_id"": 252, ""faculty_name"": ""แพทยศาสตร์""}]","[{""major_id"": 2500, ""major_name"": ""วิศวกรรมคอมพิวเตอร์""}, {""major_id"": 2501, ""major_name"": ""ชีววิทยา""}, {""major_id"": 2502, ""major_name"": ""เศรษฐศาสตร์""}]","{""uni_id"": ""1025"", ""university_th"": ""มหาวิทยาลัยศรีปทุม"", ""university_en"": ""Sripatum University"", ""university_shortname"": ""SPU"", ""university_type"": ""Private University"", ""province"": ""กรุงเทพมหานคร"", ""website"": ""https://www.university25.ac.th"", ""logo"": ""https://example.com/logo/university25.png"", ""campuses"": [{""campus_id"": 25, ""campus_name"": ""Campus 25""}], ""faculties"": [{""faculty_id"": 250, ""faculty_name"": ""วิศวกรรมศาสตร์""}, {""faculty_id"": 251, ""faculty_name"": ""วิทยาศาสตร์""}, {""faculty_id"": 252, ""faculty_name"": ""แพทยศาสตร์""}], ""majors"": [{""major_id"": 2500, ""major_name"": ""วิศวกรรมคอมพิวเตอร์""}, {""major_id"": 2501, ""major_name"": ""ชีววิทยา""}, {""major_id"": 2502, ""major_name"": ""เศรษฐศาสตร์""}]}"
26,1026,มหาวิทยาลัยรังสิต,Rangsit University,RSU,Private University,ปทุมธานี,https://www.university26.ac.th,https://example.com/logo/university26.png,"[{""campus_id"": 26, ""campus_name"": ""Campus 26""}]","[{""faculty_id"": 260, ""faculty_name"": ""วิศวกรรมศาสตร์""}, {""faculty_id"": 261, ""faculty_name"": ""วิทยาศาสตร์""}, {""faculty_id"": 262, ""faculty_name"": ""แพทยศาสตร์""}]","[{""major_id"": 2600, ""major_name"": ""วิศวกรรมคอมพิวเตอร์""}, {""major_id"": 2601, ""major_name"": ""ชีววิทยา""}, {""major_id"": 2602, ""major_name"": ""เศรษฐศาสตร์""}]","{""uni_id"": ""1026"", ""university_th"": ""มหาวิทยาลัยรังสิต"", ""university_en"": ""Rangsit University"", ""university_shortname"": ""RSU"", ""university_type"": ""Private University"", ""province"": ""ปทุมธานี"", ""website"": ""https://www.university26.ac.th"", ""logo"": ""https://example.com/logo/university26.png"", ""campuses"": [{""campus_id"": 26, ""campus_name"": ""Campus 26""}], ""faculties"": [{""faculty_id"": 260, ""faculty_name"": ""วิศวกรรมศาสตร์""}, {""faculty_id"": 261, ""faculty_name"": ""วิทยาศาสตร์""}, {""faculty_id"": 262, ""faculty_name"": ""แพทยศาสตร์""}], ""majors"": [{""major_id"": 2600, ""major_name"": ""วิศวกรรมคอมพิวเตอร์""}, {""major_id"": 2601, ""major_name"": ""ชีววิทยา""}, {""major_id"": 2602, ""major_name"": ""เศรษฐศาสตร์""}]}"
27,1027,สถาบันพระปกเกล้า,King Prajadhipok's Institute,KPI,Other,กรุงเทพมหานคร,https://www.university27.ac.th,https://example.com/logo/university27.png,"[{""campus_id"": 27, ""campus_name"": ""Campus 27""}]","[{""faculty_id"": 270, ""faculty_name"": ""วิศวกรรมศาสตร์""}, {""faculty_id"": 271, ""faculty_name"": ""วิทยาศาสตร์""}, {""faculty_id"": 272, ""faculty_name"": ""แพทยศาสตร์""}]","[{""major_id"": 2700, ""major_name"": ""วิศวกรรมคอมพิวเตอร์""}, {""major_id"": 2701, ""major_name"": ""ชีววิทยา""}, {""major_id"": 2702, ""major_name"": ""เศรษฐศาสตร์""}]","{""uni_id"": ""1027"", ""university_th"": ""สถาบันพระปกเกล้า"", ""university_en"": ""King Prajadhipok's Institute"", ""university_shortname"": ""KPI"", ""university_type"": ""Other"", ""province"": ""กรุงเทพมหานคร"", ""website"": ""https://www.university27.ac.th"", ""logo"": ""https://example.com/logo/university27.png"", ""campuses"": [{""campus_id"": 27, ""campus_name"": ""Campus 27""}], ""faculties"": [{""faculty_id"": 270, ""faculty_name"": ""วิศวกรรมศาสตร์""}, {""faculty_id"": 271, ""faculty_name"": ""วิทยาศาสตร์""}, {""faculty_id"": 272, ""faculty_name"": ""แพทยศาสตร์""}], ""majors"": [{""major_id"": 2700, ""major_name"": ""วิศวกรรมคอมพิวเตอร์""}, {""major_id"": 2701, ""major_name"": ""ชีววิทยา""}, {""major_id"": 2702, ""major_name"": ""เศรษฐศาสตร์""}]}"
28,1028,มหาวิทยาลัยสุโขทัยธรรมาธิราช,Sukhothai Thammathirat Open University,STOU,Public University,นนทบุรี,https://www.university28.ac.th,https://example.com/logo/university28.png,"[{""campus_id"": 28, ""campus_name"": ""Campus 28""}]","[{""faculty_id"": 280, ""faculty_name"": ""วิศวกรรมศาสตร์""}, {""faculty_id"": 281, ""faculty_name"": ""วิทยาศาสตร์""}, {""faculty_id"": 282, ""faculty_name"": ""แพทยศาสตร์""}]","[{""major_id"": 2800, ""major_name"": ""วิศวกรรมคอมพิวเตอร์""}, {""major_id"": 2801, ""major_name"": ""ชีววิทยา""}, {""major_id"": 2802, ""major_name"": ""เศรษฐศาสตร์""}]","{""uni_id"": ""1028"", ""university_th"": ""มหาวิทยาลัยสุโขทัยธรรมาธิราช"", ""university_en"": ""Sukhothai Thammathirat Open University"", ""university_shortname"": ""STOU"", ""university_type"": ""Public University"", ""province"": ""นนทบุรี"", ""website"": ""https://www.university28.ac.th"", ""logo"": ""https://example.com/logo/university28.png"", ""campuses"": [{""campus_id"": 28, ""campus_name"": ""Campus 28""}], ""faculties"": [{""faculty_id"": 280, ""faculty_name"": ""วิศวกรรมศาสตร์""}, {""faculty_id"": 281, ""faculty_name"": ""วิทยาศาสตร์""}, {""faculty_id"": 282, ""faculty_name"": ""แพทยศาสตร์""}], ""majors"": [{""major_id"": 2800, ""major_name"": ""วิศวกรรมคอมพิวเตอร์""}, {""major_id"": 2801, ""major_name"": ""ชีววิทยา""}, {""major_id"": 2802, ""major_name"": ""เศรษฐศาสตร์""}]}"
29,1029,มหาวิทยาลัยเทคโนโลยีราชมงคล ธัญบุรี,Rajamangala University of Technology Thanyaburi,RMUTT,Government Technology/Institute,ปทุมธานี,https://www.university29.ac.th,https://example.com/logo/university29.png,"[{""campus_id"": 29, ""campus_name"": ""Campus 29""}]","[{""faculty_id"": 290, ""faculty_name"": ""วิศวกรรมศาสตร์""}, {""faculty_id"": 291, ""faculty_name"": ""วิทยาศาสตร์""}, {""faculty_id"": 292, ""faculty_name"": ""แพทยศาสตร์""}]","[{""major_id"": 2900, ""major_name"": ""วิศวกรรมคอมพิวเตอร์""}, {""major_id"": 2901, ""major_name"": ""ชีววิทยา""}, {""major_id"": 2902, ""major_name"": ""เศรษฐศาสตร์""}]","{""uni_id"": ""1029"", ""university_th"": ""มหาวิทยาลัยเทคโนโลยีราชมงคล ธัญบุรี"", ""university_en"": ""Rajamangala University of Technology Thanyaburi"", ""university_shortname"": ""RMUTT"", ""university_type"": ""Government Technology/Institute"", ""province"": ""ปทุมธานี"", ""website"": ""https://www.university29.ac.th"", ""logo"": ""https://example.com/logo/university29.png"", ""campuses"": [{""campus_id"": 29, ""campus_name"": ""Campus 29""}], ""faculties"": [{""faculty_id"": 290, ""faculty_name"": ""วิศวกรรมศาสตร์""}, {""faculty_id"": 291, ""faculty_name"": ""วิทยาศาสตร์""}, {""faculty_id"": 292, ""faculty_name"": ""แพทยศาสตร์""}], ""majors"": [{""major_id"": 2900, ""major_name"": ""วิศวกรรมคอมพิวเตอร์""}, {""major_id"": 2901, ""major_name"": ""ชีววิทยา""}, {""major_id"": 2902, ""major_name"": ""เศรษฐศาสตร์""}]}"
30,1030,มหาวิทยาลัยเทคโนโลยีราชมงคล กรุงเทพ,Rajamangala University of Technology Krungthep,RMUTK,Government Technology/Institute,กรุงเทพมหานคร,https://www.university30.ac.th,https://example.com/logo/university30.png,"[{""campus_id"": 30, ""campus_name"": ""Campus 30""}]","[{""faculty_id"": 300, ""faculty_name"": ""วิศวกรรมศาสตร์""}, {""faculty_id"": 301, ""faculty_name"": ""วิทยาศาสตร์""}, {""faculty_id"": 302, ""faculty_name"": ""แพทยศาสตร์""}]","[{""major_id"": 3000, ""major_name"": ""วิศวกรรมคอมพิวเตอร์""}, {""major_id"": 3001, ""major_name"": ""ชีววิทยา""}, {""major_id"": 3002, ""major_name"": ""เศรษฐศาสตร์""}]","{""uni_id"": ""1030"", ""university_th"": ""มหาวิทยาลัยเทคโนโลยีราชมงคล กรุงเทพ"", ""university_en"": ""Rajamangala University of Technology Krungthep"", ""university_shortname"": ""RMUTK"", ""university_type"": ""Government Technology/Institute"", ""province"": ""กรุงเทพมหานคร"", ""website"": ""https://www.university30.ac.th"", ""logo"": ""https://example.com/logo/university30.png"", ""campuses"": [{""campus_id"": 30, ""campus_name"": ""Campus 30""}], ""faculties"": [{""faculty_id"": 300, ""faculty_name"": ""วิศวกรรมศาสตร์""}, {""faculty_id"": 301, ""faculty_name"": ""วิทยาศาสตร์""}, {""faculty_id"": 302, ""faculty_name"": ""แพทยศาสตร์""}], ""majors"": [{""major_id"": 3000, ""major_name"": ""วิศวกรรมคอมพิวเตอร์""}, {""major_id"": 3001, ""major_name"": ""ชีววิทยา""}, {""major_id"": 3002, ""major_name"": ""เศรษฐศาสตร์""}]}"
31,1031,มหาวิทยาลัยเทคโนโลยีราชมงคล ศรีวิชัย,Rajamangala University of Technology Srivijaya,RMUTSV,Government Technology/Institute,สงขลา,https://www.university31.ac.th,https://example.com/logo/university31.png,"[{""campus_id"": 31, ""campus_name"": ""Campus 31""}]","[{""faculty_id"": 310, ""faculty_name"": ""วิศวกรรมศาสตร์""}, {""faculty_id"": 311, ""faculty_name"": ""วิทยาศาสตร์""}, {""faculty_id"": 312, ""faculty_name"": ""แพทยศาสตร์""}]","[{""major_id"": 3100, ""major_name"": ""วิศวกรรมคอมพิวเตอร์""}, {""major_id"": 3101, ""major_name"": ""ชีววิทยา""}, {""major_id"": 3102, ""major_name"": ""เศรษฐศาสตร์""}]","{""uni_id"": ""1031"", ""university_th"": ""มหาวิทยาลัยเทคโนโลยีราชมงคล ศรีวิชัย"", ""university_en"": ""Rajamangala University of Technology Srivijaya"", ""university_shortname"": ""RMUTSV"", ""university_type"": ""Government Technology/Institute"", ""province"": ""สงขลา"", ""website"": ""https://www.university31.ac.th"", ""logo"": ""https://example.com/logo/university31.png"", ""campuses"": [{""campus_id"": 31, ""campus_name"": ""Campus 31""}], ""faculties"": [{""faculty_id"": 310, ""faculty_name"": ""วิศวกรรมศาสตร์""}, {""faculty_id"": 311, ""faculty_name"": ""วิทยาศาสตร์""}, {""faculty_id"": 312, ""faculty_name"": ""แพทยศาสตร์""}], ""majors"": [{""major_id"": 3100, ""major_name"": ""วิศวกรรมคอมพิวเตอร์""}, {""major_id"": 3101, ""major_name"": ""ชีววิทยา""}, {""major_id"": 3102, ""major_name"": ""เศรษฐศาสตร์""}]}"
32,1032,มหาวิทยาลัยเทคโนโลยีราชมงคล อีสาน,Rajamangala University of Technology Isan,RMUTI,Government Technology/Institute,ขอนแก่น,https://www.university32.ac.th,https://github.com/Nah-Null/Gallery/blob/main/DailyLife/logo%20un/RMUTI.png?raw=true,"[{""campus_id"": 32, ""campus_name"": ""Campus 32""}]","[{""faculty_id"": 320, ""faculty_name"": ""วิศวกรรมศาสตร์""}, {""faculty_id"": 321, ""faculty_name"": ""วิทยาศาสตร์""}, {""faculty_id"": 322, ""faculty_name"": ""แพทยศาสตร์""}]","[{""major_id"": 3200, ""major_name"": ""วิศวกรรมคอมพิวเตอร์""}, {""major_id"": 3201, ""major_name"": ""ชีววิทยา""}, {""major_id"": 3202, ""major_name"": ""เศรษฐศาสตร์""}]","{""uni_id"": ""1032"", ""university_th"": ""มหาวิทยาลัยเทคโนโลยีราชมงคล อีสาน"", ""university_en"": ""Rajamangala University of Technology Isan"", ""university_shortname"": ""RMUTI"", ""university_type"": ""Government Technology/Institute"", ""province"": ""ขอนแก่น"", ""website"": ""https://www.university32.ac.th"", ""logo"": ""https://github.com/Nah-Null/Gallery/blob/main/DailyLife/logo%20un/RMUTI.png?raw=true"", ""campuses"": [{""campus_id"": 32, ""campus_name"": ""Campus 32""}], ""faculties"": [{""faculty_id"": 320, ""faculty_name"": ""วิศวกรรมศาสตร์""}, {""faculty_id"": 321, ""faculty_name"": ""วิทยาศาสตร์""}, {""faculty_id"": 322, ""faculty_name"": ""แพทยศาสตร์""}], ""majors"": [{""major_id"": 3200, ""major_name"": ""วิศวกรรมคอมพิวเตอร์""}, {""major_id"": 3201, ""major_name"": ""ชีววิทยา""}, {""major_id"": 3202, ""major_name"": ""เศรษฐศาสตร์""}]}"
33,1033,มหาวิทยาลัยเทคโนโลยีราชมงคล ล้านนา,Rajamangala University of Technology Lanna,RMUTL,Government Technology/Institute,เชียงใหม่,https://www.university33.ac.th,https://example.com/logo/university33.png,"[{""campus_id"": 33, ""campus_name"": ""Campus 33""}]","[{""faculty_id"": 330, ""faculty_name"": ""วิศวกรรมศาสตร์""}, {""faculty_id"": 331, ""faculty_name"": ""วิทยาศาสตร์""}, {""faculty_id"": 332, ""faculty_name"": ""แพทยศาสตร์""}]","[{""major_id"": 3300, ""major_name"": ""วิศวกรรมคอมพิวเตอร์""}, {""major_id"": 3301, ""major_name"": ""ชีววิทยา""}, {""major_id"": 3302, ""major_name"": ""เศรษฐศาสตร์""}]","{""uni_id"": ""1033"", ""university_th"": ""มหาวิทยาลัยเทคโนโลยีราชมงคล ล้านนา"", ""university_en"": ""Rajamangala University of Technology Lanna"", ""university_shortname"": ""RMUTL"", ""university_type"": ""Government Technology/Institute"", ""province"": ""เชียงใหม่"", ""website"": ""https://www.university33.ac.th"", ""logo"": ""https://example.com/logo/university33.png"", ""campuses"": [{""campus_id"": 33, ""campus_name"": ""Campus 33""}], ""faculties"": [{""faculty_id"": 330, ""faculty_name"": ""วิศวกรรมศาสตร์""}, {""faculty_id"": 331, ""faculty_name"": ""วิทยาศาสตร์""}, {""faculty_id"": 332, ""faculty_name"": ""แพทยศาสตร์""}], ""majors"": [{""major_id"": 3300, ""major_name"": ""วิศวกรรมคอมพิวเตอร์""}, {""major_id"": 3301, ""major_name"": ""ชีววิทยา""}, {""major_id"": 3302, ""major_name"": ""เศรษฐศาสตร์""}]}"
34,1034,มหาวิทยาลัยเทคโนโลยีราชมงคล พระนคร,Rajamangala University of Technology Phra Nakhon,RMUTP,Government Technology/Institute,กรุงเทพมหานคร,https://www.university34.ac.th,https://example.com/logo/university34.png,"[{""campus_id"": 34, ""campus_name"": ""Campus 34""}]","[{""faculty_id"": 340, ""faculty_name"": ""วิศวกรรมศาสตร์""}, {""faculty_id"": 341, ""faculty_name"": ""วิทยาศาสตร์""}, {""faculty_id"": 342, ""faculty_name"": ""แพทยศาสตร์""}]","[{""major_id"": 3400, ""major_name"": ""วิศวกรรมคอมพิวเตอร์""}, {""major_id"": 3401, ""major_name"": ""ชีววิทยา""}, {""major_id"": 3402, ""major_name"": ""เศรษฐศาสตร์""}]","{""uni_id"": ""1034"", ""university_th"": ""มหาวิทยาลัยเทคโนโลยีราชมงคล พระนคร"", ""university_en"": ""Rajamangala University of Technology Phra Nakhon"", ""university_shortname"": ""RMUTP"", ""university_type"": ""Government Technology/Institute"", ""province"": ""กรุงเทพมหานคร"", ""website"": ""https://www.university34.ac.th"", ""logo"": ""https://example.com/logo/university34.png"", ""campuses"": [{""campus_id"": 34, ""campus_name"": ""Campus 34""}], ""faculties"": [{""faculty_id"": 340, ""faculty_name"": ""วิศวกรรมศาสตร์""}, {""faculty_id"": 341, ""faculty_name"": ""วิทยาศาสตร์""}, {""faculty_id"": 342, ""faculty_name"": ""แพทยศาสตร์""}], ""majors"": [{""major_id"": 3400, ""major_name"": ""วิศวกรรมคอมพิวเตอร์""}, {""major_id"": 3401, ""major_name"": ""ชีววิทยา""}, {""major_id"": 3402, ""major_name"": ""เศรษฐศาสตร์""}]}"
35,1035,มหาวิทยาลัยเทคโนโลยีราชมงคล รัตนโกสินทร์,Rajamangala University of Technology Rattanakosin,RMUTR,Government Technology/Institute,กรุงเทพมหานคร,https://www.university35.ac.th,https://example.com/logo/university35.png,"[{""campus_id"": 35, ""campus_name"": ""Campus 35""}]","[{""faculty_id"": 350, ""faculty_name"": ""วิศวกรรมศาสตร์""}, {""faculty_id"": 351, ""faculty_name"": ""วิทยาศาสตร์""}, {""faculty_id"": 352, ""faculty_name"": ""แพทยศาสตร์""}]","[{""major_id"": 3500, ""major_name"": ""วิศวกรรมคอมพิวเตอร์""}, {""major_id"": 3501, ""major_name"": ""ชีววิทยา""}, {""major_id"": 3502, ""major_name"": ""เศรษฐศาสตร์""}]","{""uni_id"": ""1035"", ""university_th"": ""มหาวิทยาลัยเทคโนโลยีราชมงคล รัตนโกสินทร์"", ""university_en"": ""Rajamangala University of Technology Rattanakosin"", ""university_shortname"": ""RMUTR"", ""university_type"": ""Government Technology/Institute"", ""province"": ""กรุงเทพมหานคร"", ""website"": ""https://www.university35.ac.th"", ""logo"": ""https://example.com/logo/university35.png"", ""campuses"": [{""campus_id"": 35, ""campus_name"": ""Campus 35""}], ""faculties"": [{""faculty_id"": 350, ""faculty_name"": ""วิศวกรรมศาสตร์""}, {""faculty_id"": 351, ""faculty_name"": ""วิทยาศาสตร์""}, {""faculty_id"": 352, ""faculty_name"": ""แพทยศาสตร์""}], ""majors"": [{""major_id"": 3500, ""major_name"": ""วิศวกรรมคอมพิวเตอร์""}, {""major_id"": 3501, ""major_name"": ""ชีววิทยา""}, {""major_id"": 3502, ""major_name"": ""เศรษฐศาสตร์""}]}"
36,1036,มหาวิทยาลัยมหาจุฬาลงกรณ์ราชวิทยาลัย,Mahachulalongkornrajavidyalaya University,MCU,Buddhist University,กรุงเทพมหานคร,https://www.university36.ac.th,https://example.com/logo/university36.png,"[{""campus_id"": 36, ""campus_name"": ""Campus 36""}]","[{""faculty_id"": 360, ""faculty_name"": ""วิศวกรรมศาสตร์""}, {""faculty_id"": 361, ""faculty_name"": ""วิทยาศาสตร์""}, {""faculty_id"": 362, ""faculty_name"": ""แพทยศาสตร์""}]","[{""major_id"": 3600, ""major_name"": ""วิศวกรรมคอมพิวเตอร์""}, {""major_id"": 3601, ""major_name"": ""ชีววิทยา""}, {""major_id"": 3602, ""major_name"": ""เศรษฐศาสตร์""}]","{""uni_id"": ""1036"", ""university_th"": ""มหาวิทยาลัยมหาจุฬาลงกรณ์ราชวิทยาลัย"", ""university_en"": ""Mahachulalongkornrajavidyalaya University"", ""university_shortname"": ""MCU"", ""university_type"": ""Buddhist University"", ""province"": ""กรุงเทพมหานคร"", ""website"": ""https://www.university36.ac.th"", ""logo"": ""https://example.com/logo/university36.png"", ""campuses"": [{""campus_id"": 36, ""campus_name"": ""Campus 36""}], ""faculties"": [{""faculty_id"": 360, ""faculty_name"": ""วิศวกรรมศาสตร์""}, {""faculty_id"": 361, ""faculty_name"": ""วิทยาศาสตร์""}, {""faculty_id"": 362, ""faculty_name"": ""แพทยศาสตร์""}], ""majors"": [{""major_id"": 3600, ""major_name"": ""วิศวกรรมคอมพิวเตอร์""}, {""major_id"": 3601, ""major_name"": ""ชีววิทยา""}, {""major_id"": 3602, ""major_name"": ""เศรษฐศาสตร์""}]}"
37,1037,มหาวิทยาลัยมหามกุฏ พุทธศาสตร์,Mahamakut Buddhist University,MBU,Buddhist University,กรุงเทพมหานคร,https://www.university37.ac.th,https://example.com/logo/university37.png,"[{""campus_id"": 37, ""campus_name"": ""Campus 37""}]","[{""faculty_id"": 370, ""faculty_name"": ""วิศวกรรมศาสตร์""}, {""faculty_id"": 371, ""faculty_name"": ""วิทยาศาสตร์""}, {""faculty_id"": 372, ""faculty_name"": ""แพทยศาสตร์""}]","[{""major_id"": 3700, ""major_name"": ""วิศวกรรมคอมพิวเตอร์""}, {""major_id"": 3701, ""major_name"": ""ชีววิทยา""}, {""major_id"": 3702, ""major_name"": ""เศรษฐศาสตร์""}]","{""uni_id"": ""1037"", ""university_th"": ""มหาวิทยาลัยมหามกุฏ พุทธศาสตร์"", ""university_en"": ""Mahamakut Buddhist University"", ""university_shortname"": ""MBU"", ""university_type"": ""Buddhist University"", ""province"": ""กรุงเทพมหานคร"", ""website"": ""https://www.university37.ac.th"", ""logo"": ""https://example.com/logo/university37.png"", ""campuses"": [{""campus_id"": 37, ""campus_name"": ""Campus 37""}], ""faculties"": [{""faculty_id"": 370, ""faculty_name"": ""วิศวกรรมศาสตร์""}, {""faculty_id"": 371, ""faculty_name"": ""วิทยาศาสตร์""}, {""faculty_id"": 372, ""faculty_name"": ""แพทยศาสตร์""}], ""majors"": [{""major_id"": 3700, ""major_name"": ""วิศวกรรมคอมพิวเตอร์""}, {""major_id"": 3701, ""major_name"": ""ชีววิทยา""}, {""major_id"": 3702, ""major_name"": ""เศรษฐศาสตร์""}]}"
38,1038,มหาวิทยาลัยเทคโนโลยีพระจอมเกล้า,King Mongkut's University of Technology,KMUT,Other,กรุงเทพมหานคร,https://www.university38.ac.th,https://example.com/logo/university38.png,"[{""campus_id"": 38, ""campus_name"": ""Campus 38""}]","[{""faculty_id"": 380, ""faculty_name"": ""วิศวกรรมศาสตร์""}, {""faculty_id"": 381, ""faculty_name"": ""วิทยาศาสตร์""}, {""faculty_id"": 382, ""faculty_name"": ""แพทยศาสตร์""}]","[{""major_id"": 3800, ""major_name"": ""วิศวกรรมคอมพิวเตอร์""}, {""major_id"": 3801, ""major_name"": ""ชีววิทยา""}, {""major_id"": 3802, ""major_name"": ""เศรษฐศาสตร์""}]","{""uni_id"": ""1038"", ""university_th"": ""มหาวิทยาลัยเทคโนโลยีพระจอมเกล้า"", ""university_en"": ""King Mongkut's University of Technology"", ""university_shortname"": ""KMUT"", ""university_type"": ""Other"", ""province"": ""กรุงเทพมหานคร"", ""website"": ""https://www.university38.ac.th"", ""logo"": ""https://example.com/logo/university38.png"", ""campuses"": [{""campus_id"": 38, ""campus_name"": ""Campus 38""}], ""faculties"": [{""faculty_id"": 380, ""faculty_name"": ""วิศวกรรมศาสตร์""}, {""faculty_id"": 381, ""faculty_name"": ""วิทยาศาสตร์""}, {""faculty_id"": 382, ""faculty_name"": ""แพทยศาสตร์""}], ""majors"": [{""major_id"": 3800, ""major_name"": ""วิศวกรรมคอมพิวเตอร์""}, {""major_id"": 3801, ""major_name"": ""ชีววิทยา""}, {""major_id"": 3802, ""major_name"": ""เศรษฐศาสตร์""}]}"
39,1039,สถาบันเทคโนโลยีไทย-นิชิ,Thai-Nichi Institute of Technology,TNI,Private University,กรุงเทพมหานคร,https://www.university39.ac.th,https://example.com/logo/university39.png,"[{""campus_id"": 39, ""campus_name"": ""Campus 39""}]","[{""faculty_id"": 390, ""faculty_name"": ""วิศวกรรมศาสตร์""}, {""faculty_id"": 391, ""faculty_name"": ""วิทยาศาสตร์""}, {""faculty_id"": 392, ""faculty_name"": ""แพทยศาสตร์""}]","[{""major_id"": 3900, ""major_name"": ""วิศวกรรมคอมพิวเตอร์""}, {""major_id"": 3901, ""major_name"": ""ชีววิทยา""}, {""major_id"": 3902, ""major_name"": ""เศรษฐศาสตร์""}]","{""uni_id"": ""1039"", ""university_th"": ""สถาบันเทคโนโลยีไทย-นิชิ"", ""university_en"": ""Thai-Nichi Institute of Technology"", ""university_shortname"": ""TNI"", ""university_type"": ""Private University"", ""province"": ""กรุงเทพมหานคร"", ""website"": ""https://www.university39.ac.th"", ""logo"": ""https://example.com/logo/university39.png"", ""campuses"": [{""campus_id"": 39, ""campus_name"": ""Campus 39""}], ""faculties"": [{""faculty_id"": 390, ""faculty_name"": ""วิศวกรรมศาสตร์""}, {""faculty_id"": 391, ""faculty_name"": ""วิทยาศาสตร์""}, {""faculty_id"": 392, ""faculty_name"": ""แพทยศาสตร์""}], ""majors"": [{""major_id"": 3900, ""major_name"": ""วิศวกรรมคอมพิวเตอร์""}, {""major_id"": 3901, ""major_name"": ""ชีววิทยา""}, {""major_id"": 3902, ""major_name"": ""เศรษฐศาสตร์""}]}"
40,1040,มหาวิทยาลัยราชภัฏพระนคร,Rajabhat Phranakhon,PRU,Rajabhat University,กรุงเทพมหานคร,https://www.university40.ac.th,https://example.com/logo/university40.png,"[{""campus_id"": 40, ""campus_name"": ""Campus 40""}]","[{""faculty_id"": 400, ""faculty_name"": ""วิศวกรรมศาสตร์""}, {""faculty_id"": 401, ""faculty_name"": ""วิทยาศาสตร์""}, {""faculty_id"": 402, ""faculty_name"": ""แพทยศาสตร์""}]","[{""major_id"": 4000, ""major_name"": ""วิศวกรรมคอมพิวเตอร์""}, {""major_id"": 4001, ""major_name"": ""ชีววิทยา""}, {""major_id"": 4002, ""major_name"": ""เศรษฐศาสตร์""}]","{""uni_id"": ""1040"", ""university_th"": ""มหาวิทยาลัยราชภัฏพระนคร"", ""university_en"": ""Rajabhat Phranakhon"", ""university_shortname"": ""PRU"", ""university_type"": ""Rajabhat University"", ""province"": ""กรุงเทพมหานคร"", ""website"": ""https://www.university40.ac.th"", ""logo"": ""https://example.com/logo/university40.png"", ""campuses"": [{""campus_id"": 40, ""campus_name"": ""Campus 40""}], ""faculties"": [{""faculty_id"": 400, ""faculty_name"": ""วิศวกรรมศาสตร์""}, {""faculty_id"": 401, ""faculty_name"": ""วิทยาศาสตร์""}, {""faculty_id"": 402, ""faculty_name"": ""แพทยศาสตร์""}], ""majors"": [{""major_id"": 4000, ""major_name"": ""วิศวกรรมคอมพิวเตอร์""}, {""major_id"": 4001, ""major_name"": ""ชีววิทยา""}, {""major_id"": 4002, ""major_name"": ""เศรษฐศาสตร์""}]}"
41,1041,มหาวิทยาลัยราชภัฏสวนสุนันทา,Rajabhat Suan Sunandha,SSRU,Rajabhat University,กรุงเทพมหานคร,https://www.university41.ac.th,https://example.com/logo/university41.png,"[{""campus_id"": 41, ""campus_name"": ""Campus 41""}]","[{""faculty_id"": 410, ""faculty_name"": ""วิศวกรรมศาสตร์""}, {""faculty_id"": 411, ""faculty_name"": ""วิทยาศาสตร์""}, {""faculty_id"": 412, ""faculty_name"": ""แพทยศาสตร์""}]","[{""major_id"": 4100, ""major_name"": ""วิศวกรรมคอมพิวเตอร์""}, {""major_id"": 4101, ""major_name"": ""ชีววิทยา""}, {""major_id"": 4102, ""major_name"": ""เศรษฐศาสตร์""}]","{""uni_id"": ""1041"", ""university_th"": ""มหาวิทยาลัยราชภัฏสวนสุนันทา"", ""university_en"": ""Rajabhat Suan Sunandha"", ""university_shortname"": ""SSRU"", ""university_type"": ""Rajabhat University"", ""province"": ""กรุงเทพมหานคร"", ""website"": ""https://www.university41.ac.th"", ""logo"": ""https://example.com/logo/university41.png"", ""campuses"": [{""campus_id"": 41, ""campus_name"": ""Campus 41""}], ""faculties"": [{""faculty_id"": 410, ""faculty_name"": ""วิศวกรรมศาสตร์""}, {""faculty_id"": 411, ""faculty_name"": ""วิทยาศาสตร์""}, {""faculty_id"": 412, ""faculty_name"": ""แพทยศาสตร์""}], ""majors"": [{""major_id"": 4100, ""major_name"": ""วิศวกรรมคอมพิวเตอร์""}, {""major_id"": 4101, ""major_name"": ""ชีววิทยา""}, {""major_id"": 4102, ""major_name"": ""เศรษฐศาสตร์""}]}"
42,1042,มหาวิทยาลัยราชภัฏราชนครินทร์,Rajabhat Rajanagarindra,RRU,Rajabhat University,ฉะเชิงเทรา,https://www.university42.ac.th,https://example.com/logo/university42.png,"[{""campus_id"": 42, ""campus_name"": ""Campus 42""}]","[{""faculty_id"": 420, ""faculty_name"": ""วิศวกรรมศาสตร์""}, {""faculty_id"": 421, ""faculty_name"": ""วิทยาศาสตร์""}, {""faculty_id"": 422, ""faculty_name"": ""แพทยศาสตร์""}]","[{""major_id"": 4200, ""major_name"": ""วิศวกรรมคอมพิวเตอร์""}, {""major_id"": 4201, ""major_name"": ""ชีววิทยา""}, {""major_id"": 4202, ""major_name"": ""เศรษฐศาสตร์""}]","{""uni_id"": ""1042"", ""university_th"": ""มหาวิทยาลัยราชภัฏราชนครินทร์"", ""university_en"": ""Rajabhat Rajanagarindra"", ""university_shortname"": ""RRU"", ""university_type"": ""Rajabhat University"", ""province"": ""ฉะเชิงเทรา"", ""website"": ""https://www.university42.ac.th"", ""logo"": ""https://example.com/logo/university42.png"", ""campuses"": [{""campus_id"": 42, ""campus_name"": ""Campus 42""}], ""faculties"": [{""faculty_id"": 420, ""faculty_name"": ""วิศวกรรมศาสตร์""}, {""faculty_id"": 421, ""faculty_name"": ""วิทยาศาสตร์""}, {""faculty_id"": 422, ""faculty_name"": ""แพทยศาสตร์""}], ""majors"": [{""major_id"": 4200, ""major_name"": ""วิศวกรรมคอมพิวเตอร์""}, {""major_id"": 4201, ""major_name"": ""ชีววิทยา""}, {""major_id"": 4202, ""major_name"": ""เศรษฐศาสตร์""}]}"
43,1043,มหาวิทยาลัยราชภัฏเชียงใหม่,Rajabhat Chiang Mai,CMRU,Rajabhat University,เชียงใหม่,https://www.university43.ac.th,https://example.com/logo/university43.png,"[{""campus_id"": 43, ""campus_name"": ""Campus 43""}]","[{""faculty_id"": 430, ""faculty_name"": ""วิศวกรรมศาสตร์""}, {""faculty_id"": 431, ""faculty_name"": ""วิทยาศาสตร์""}, {""faculty_id"": 432, ""faculty_name"": ""แพทยศาสตร์""}]","[{""major_id"": 4300, ""major_name"": ""วิศวกรรมคอมพิวเตอร์""}, {""major_id"": 4301, ""major_name"": ""ชีววิทยา""}, {""major_id"": 4302, ""major_name"": ""เศรษฐศาสตร์""}]","{""uni_id"": ""1043"", ""university_th"": ""มหาวิทยาลัยราชภัฏเชียงใหม่"", ""university_en"": ""Rajabhat Chiang Mai"", ""university_shortname"": ""CMRU"", ""university_type"": ""Rajabhat University"", ""province"": ""เชียงใหม่"", ""website"": ""https://www.university43.ac.th"", ""logo"": ""https://example.com/logo/university43.png"", ""campuses"": [{""campus_id"": 43, ""campus_name"": ""Campus 43""}], ""faculties"": [{""faculty_id"": 430, ""faculty_name"": ""วิศวกรรมศาสตร์""}, {""faculty_id"": 431, ""faculty_name"": ""วิทยาศาสตร์""}, {""faculty_id"": 432, ""faculty_name"": ""แพทยศาสตร์""}], ""majors"": [{""major_id"": 4300, ""major_name"": ""วิศวกรรมคอมพิวเตอร์""}, {""major_id"": 4301, ""major_name"": ""ชีววิทยา""}, {""major_id"": 4302, ""major_name"": ""เศรษฐศาสตร์""}]}"
44,1044,มหาวิทยาลัยราชภัฏขอนแก่น,Rajabhat Khon Kaen,KKRU,Rajabhat University,ขอนแก่น,https://www.university44.ac.th,https://example.com/logo/university44.png,"[{""campus_id"": 44, ""campus_name"": ""Campus 44""}]","[{""faculty_id"": 440, ""faculty_name"": ""วิศวกรรมศาสตร์""}, {""faculty_id"": 441, ""faculty_name"": ""วิทยาศาสตร์""}, {""faculty_id"": 442, ""faculty_name"": ""แพทยศาสตร์""}]","[{""major_id"": 4400, ""major_name"": ""วิศวกรรมคอมพิวเตอร์""}, {""major_id"": 4401, ""major_name"": ""ชีววิทยา""}, {""major_id"": 4402, ""major_name"": ""เศรษฐศาสตร์""}]","{""uni_id"": ""1044"", ""university_th"": ""มหาวิทยาลัยราชภัฏขอนแก่น"", ""university_en"": ""Rajabhat Khon Kaen"", ""university_shortname"": ""KKRU"", ""university_type"": ""Rajabhat University"", ""province"": ""ขอนแก่น"", ""website"": ""https://www.university44.ac.th"", ""logo"": ""https://example.com/logo/university44.png"", ""campuses"": [{""campus_id"": 44, ""campus_name"": ""Campus 44""}], ""faculties"": [{""faculty_id"": 440, ""faculty_name"": ""วิศวกรรมศาสตร์""}, {""faculty_id"": 441, ""faculty_name"": ""วิทยาศาสตร์""}, {""faculty_id"": 442, ""faculty_name"": ""แพทยศาสตร์""}], ""majors"": [{""major_id"": 4400, ""major_name"": ""วิศวกรรมคอมพิวเตอร์""}, {""major_id"": 4401, ""major_name"": ""ชีววิทยา""}, {""major_id"": 4402, ""major_name"": ""เศรษฐศาสตร์""}]}"
45,1045,มหาวิทยาลัยทักษิณ,Thaksin University,TSU,Public University,สงขลา,https://www.university45.ac.th,https://example.com/logo/university45.png,"[{""campus_id"": 45, ""campus_name"": ""Campus 45""}]","[{""faculty_id"": 450, ""faculty_name"": ""วิศวกรรมศาสตร์""}, {""faculty_id"": 451, ""faculty_name"": ""วิทยาศาสตร์""}, {""faculty_id"": 452, ""faculty_name"": ""แพทยศาสตร์""}]","[{""major_id"": 4500, ""major_name"": ""วิศวกรรมคอมพิวเตอร์""}, {""major_id"": 4501, ""major_name"": ""ชีววิทยา""}, {""major_id"": 4502, ""major_name"": ""เศรษฐศาสตร์""}]","{""uni_id"": ""1045"", ""university_th"": ""มหาวิทยาลัยทักษิณ"", ""university_en"": ""Thaksin University"", ""university_shortname"": ""TSU"", ""university_type"": ""Public University"", ""province"": ""สงขลา"", ""website"": ""https://www.university45.ac.th"", ""logo"": ""https://example.com/logo/university45.png"", ""campuses"": [{""campus_id"": 45, ""campus_name"": ""Campus 45""}], ""faculties"": [{""faculty_id"": 450, ""faculty_name"": ""วิศวกรรมศาสตร์""}, {""faculty_id"": 451, ""faculty_name"": ""วิทยาศาสตร์""}, {""faculty_id"": 452, ""faculty_name"": ""แพทยศาสตร์""}], ""majors"": [{""major_id"": 4500, ""major_name"": ""วิศวกรรมคอมพิวเตอร์""}, {""major_id"": 4501, ""major_name"": ""ชีววิทยา""}, {""major_id"": 4502, ""major_name"": ""เศรษฐศาสตร์""}]}"
46,1046,มหาวิทยาลัยราชภัฏยะลา,Yala Rajabhat University,YRU,Rajabhat University,ยะลา,https://www.university46.ac.th,https://example.com/logo/university46.png,"[{""campus_id"": 46, ""campus_name"": ""Campus 46""}]","[{""faculty_id"": 460, ""faculty_name"": ""วิศวกรรมศาสตร์""}, {""faculty_id"": 461, ""faculty_name"": ""วิทยาศาสตร์""}, {""faculty_id"": 462, ""faculty_name"": ""แพทยศาสตร์""}]","[{""major_id"": 4600, ""major_name"": ""วิศวกรรมคอมพิวเตอร์""}, {""major_id"": 4601, ""major_name"": ""ชีววิทยา""}, {""major_id"": 4602, ""major_name"": ""เศรษฐศาสตร์""}]","{""uni_id"": ""1046"", ""university_th"": ""มหาวิทยาลัยราชภัฏยะลา"", ""university_en"": ""Yala Rajabhat University"", ""university_shortname"": ""YRU"", ""university_type"": ""Rajabhat University"", ""province"": ""ยะลา"", ""website"": ""https://www.university46.ac.th"", ""logo"": ""https://example.com/logo/university46.png"", ""campuses"": [{""campus_id"": 46, ""campus_name"": ""Campus 46""}], ""faculties"": [{""faculty_id"": 460, ""faculty_name"": ""วิศวกรรมศาสตร์""}, {""faculty_id"": 461, ""faculty_name"": ""วิทยาศาสตร์""}, {""faculty_id"": 462, ""faculty_name"": ""แพทยศาสตร์""}], ""majors"": [{""major_id"": 4600, ""major_name"": ""วิศวกรรมคอมพิวเตอร์""}, {""major_id"": 4601, ""major_name"": ""ชีววิทยา""}, {""major_id"": 4602, ""major_name"": ""เศรษฐศาสตร์""}]}"
47,1047,มหาวิทยาลัยราชภัฏชุมพร,Prince of Chumphon University,PCU,Other,ชุมพร,https://www.university47.ac.th,https://example.com/logo/university47.png,"[{""campus_id"": 47, ""campus_name"": ""Campus 47""}]","[{""faculty_id"": 470, ""faculty_name"": ""วิศวกรรมศาสตร์""}, {""faculty_id"": 471, ""faculty_name"": ""วิทยาศาสตร์""}, {""faculty_id"": 472, ""faculty_name"": ""แพทยศาสตร์""}]","[{""major_id"": 4700, ""major_name"": ""วิศวกรรมคอมพิวเตอร์""}, {""major_id"": 4701, ""major_name"": ""ชีววิทยา""}, {""major_id"": 4702, ""major_name"": ""เศรษฐศาสตร์""}]","{""uni_id"": ""1047"", ""university_th"": ""มหาวิทยาลัยราชภัฏชุมพร"", ""university_en"": ""Prince of Chumphon University"", ""university_shortname"": ""PCU"", ""university_type"": ""Other"", ""province"": ""ชุมพร"", ""website"": ""https://www.university47.ac.th"", ""logo"": ""https://example.com/logo/university47.png"", ""campuses"": [{""campus_id"": 47, ""campus_name"": ""Campus 47""}], ""faculties"": [{""faculty_id"": 470, ""faculty_name"": ""วิศวกรรมศาสตร์""}, {""faculty_id"": 471, ""faculty_name"": ""วิทยาศาสตร์""}, {""faculty_id"": 472, ""faculty_name"": ""แพทยศาสตร์""}], ""majors"": [{""major_id"": 4700, ""major_name"": ""วิศวกรรมคอมพิวเตอร์""}, {""major_id"": 4701, ""major_name"": ""ชีววิทยา""}, {""major_id"": 4702, ""major_name"": ""เศรษฐศาสตร์""}]}"
48,1048,มหาวิทยาลัยวไลยลักษณ์,Walailak University,WU,Public University,นครศรีธรรมราช,https://www.university48.ac.th,https://example.com/logo/university48.png,"[{""campus_id"": 48, ""campus_name"": ""Campus 48""}]","[{""faculty_id"": 480, ""faculty_name"": ""วิศวกรรมศาสตร์""}, {""faculty_id"": 481, ""faculty_name"": ""วิทยาศาสตร์""}, {""faculty_id"": 482, ""faculty_name"": ""แพทยศาสตร์""}]","[{""major_id"": 4800, ""major_name"": ""วิศวกรรมคอมพิวเตอร์""}, {""major_id"": 4801, ""major_name"": ""ชีววิทยา""}, {""major_id"": 4802, ""major_name"": ""เศรษฐศาสตร์""}]","{""uni_id"": ""1048"", ""university_th"": ""มหาวิทยาลัยวไลยลักษณ์"", ""university_en"": ""Walailak University"", ""university_shortname"": ""WU"", ""university_type"": ""Public University"", ""province"": ""นครศรีธรรมราช"", ""website"": ""https://www.university48.ac.th"", ""logo"": ""https://example.com/logo/university48.png"", ""campuses"": [{""campus_id"": 48, ""campus_name"": ""Campus 48""}], ""faculties"": [{""faculty_id"": 480, ""faculty_name"": ""วิศวกรรมศาสตร์""}, {""faculty_id"": 481, ""faculty_name"": ""วิทยาศาสตร์""}, {""faculty_id"": 482, ""faculty_name"": ""แพทยศาสตร์""}], ""majors"": [{""major_id"": 4800, ""major_name"": ""วิศวกรรมคอมพิวเตอร์""}, {""major_id"": 4801, ""major_name"": ""ชีววิทยา""}, {""major_id"": 4802, ""major_name"": ""เศรษฐศาสตร์""}]}"
49,1049,มหาวิทยาลัยราชภัฏเพชรบูรณ์,Phetchaburi Rajabhat University,PRU,Rajabhat University,เพชรบูรณ์,https://www.university49.ac.th,https://example.com/logo/university49.png,"[{""campus_id"": 49, ""campus_name"": ""Campus 49""}]","[{""faculty_id"": 490, ""faculty_name"": ""วิศวกรรมศาสตร์""}, {""faculty_id"": 491, ""faculty_name"": ""วิทยาศาสตร์""}, {""faculty_id"": 492, ""faculty_name"": ""แพทยศาสตร์""}]","[{""major_id"": 4900, ""major_name"": ""วิศวกรรมคอมพิวเตอร์""}, {""major_id"": 4901, ""major_name"": ""ชีววิทยา""}, {""major_id"": 4902, ""major_name"": ""เศรษฐศาสตร์""}]","{""uni_id"": ""1049"", ""university_th"": ""มหาวิทยาลัยราชภัฏเพชรบูรณ์"", ""university_en"": ""Phetchaburi Rajabhat University"", ""university_shortname"": ""PRU"", ""university_type"": ""Rajabhat University"", ""province"": ""เพชรบูรณ์"", ""website"": ""https://www.university49.ac.th"", ""logo"": ""https://example.com/logo/university49.png"", ""campuses"": [{""campus_id"": 49, ""campus_name"": ""Campus 49""}], ""faculties"": [{""faculty_id"": 490, ""faculty_name"": ""วิศวกรรมศาสตร์""}, {""faculty_id"": 491, ""faculty_name"": ""วิทยาศาสตร์""}, {""faculty_id"": 492, ""faculty_name"": ""แพทยศาสตร์""}], ""majors"": [{""major_id"": 4900, ""major_name"": ""วิศวกรรมคอมพิวเตอร์""}, {""major_id"": 4901, ""major_name"": ""ชีววิทยา""}, {""major_id"": 4902, ""major_name"": ""เศรษฐศาสตร์""}]}"
50,1050,สถาบันการจัดการปัญญาภิวัฒน์,Panyapiwat Institute of Management,PIM,Private University,นนทบุรี,https://www.university50.ac.th,https://raw.githubusercontent.com/Nah-Null/Gallery/24be533860f04f6a2e663a8559b6b8485cca6b0b/DailyLife/logo%20un/PIM.svg,"[{""campus_id"": 50, ""campus_name"": ""Campus 50""}]","[{""faculty_id"": 500, ""faculty_name"": ""วิศวกรรมศาสตร์""}, {""faculty_id"": 501, ""faculty_name"": ""วิทยาศาสตร์""}, {""faculty_id"": 502, ""faculty_name"": ""แพทยศาสตร์""}]","[{""major_id"": 5000, ""major_name"": ""วิศวกรรมคอมพิวเตอร์""}, {""major_id"": 5001, ""major_name"": ""ชีววิทยา""}, {""major_id"": 5002, ""major_name"": ""เศรษฐศาสตร์""}]","{""uni_id"": ""1050"", ""university_th"": ""สถาบันการจัดการปัญญาภิวัฒน์"", ""university_en"": ""Panyapiwat Institute of Management"", ""university_shortname"": ""PIM"", ""university_type"": ""Private University"", ""province"": ""นนทบุรี"", ""website"": ""https://www.university50.ac.th"", ""logo"": ""https://raw.githubusercontent.com/Nah-Null/Gallery/24be533860f04f6a2e663a8559b6b8485cca6b0b/DailyLife/logo%20un/PIM.svg"", ""campuses"": [{""campus_id"": 50, ""campus_name"": ""Campus 50""}], ""faculties"": [{""faculty_id"": 500, ""faculty_name"": ""วิศวกรรมศาสตร์""}, {""faculty_id"": 501, ""faculty_name"": ""วิทยาศาสตร์""}, {""faculty_id"": 502, ""faculty_name"": ""แพทยศาสตร์""}], ""majors"": [{""major_id"": 5000, ""major_name"": ""วิศวกรรมคอมพิวเตอร์""}, {""major_id"": 5001, ""major_name"": ""ชีววิทยา""}, {""major_id"": 5002, ""major_name"": ""เศรษฐศาสตร์""}]}"
